,edge arrival time,edge wait time,edge service time,edge departure time,fog arrival time,fog wait time,fog service time,fog departure time,cloud arrival time,cloud wait time,cloud service time,cloud departure time
0,0.06,0.5455659420012102,0.756692610287769,1.3622585522889792,1.4122585522889792,0.0,13.288157754946962,14.70041630723594,14.750416307235941,0.0,3.6738684471726817,18.424284754408625
1,0.045,0.0,0.5605659420012102,0.6055659420012103,0.6555659420012103,0.0,23.842425980202645,24.497991922203855,24.547991922203856,0.0,6.8743708456810255,31.42236276788488
2,0.06,0.0,1.5878551997086707,1.6478551997086708,1.6978551997086708,13.002561107527269,5.22595234601028,19.92636865324622,19.976368653246222,0.0,33.648764610966225,53.62513326421245
3,0.03,0.0,5.69552680011261,5.72552680011261,5.77552680011261,18.722465122091243,13.603858279991757,38.10185020219561,38.151850202195604,0.0,20.06922516895183,58.221075371147435
4,0.045,5.68052680011261,3.581685828235349,9.307212628347958,9.357212628347959,45.848166589954225,19.349436991154494,74.55481620945667,74.60481620945667,0.0,27.039973278237788,101.64478948769445
5,0.09,9.447503496526652,2.066665094645909,11.604168591172561,11.654168591172562,65.46959380931634,39.284132528136745,116.40789492862564,116.45789492862563,0.0,28.016372590115974,144.4742675187416
6,0.105,4.161518423813251,2.333102651165966,6.599621074979217,6.649621074979216,31.45222912721639,17.103529016106577,55.205379218302184,55.25537921830218,0.0,91.63169150807178,146.88707072637396
7,0.015,0.0,9.522503496526651,9.537503496526652,9.587503496526653,64.96731271293002,2.568946191032225,77.1237624004889,77.1737624004889,0.0,76.44424448693157,153.61800688742045
8,0.105,11.49916859117256,1.2191383373292388,12.8233069285018,12.873306928501801,103.53458800012383,29.47959636689898,145.88749129552463,145.93749129552464,0.0,9.201714909232926,155.13920620475756
9,0.105,12.7183069285018,0.13320285724453204,12.956509785746332,13.006509785746333,132.88098150977828,3.1831405350581483,149.07063183058276,149.12063183058277,0.0,15.341535530525185,164.46216736110796
10,0.12,1.242258552288979,11.990704142620372,13.35296269490935,13.40296269490935,135.6676691356734,7.86996707864782,156.94059890923057,156.99059890923058,0.0,25.220368351547602,182.21096726077818
11,0.06,11.829817770293685,2.763187178510247,14.653004948803932,14.703004948803933,145.08130461903406,10.476205521951806,170.2605150897898,170.31051508978982,11.900452170988359,2.9475107591457483,185.15847801992393
12,0.09,1.5578551997086707,2.618663224104581,4.266518423813252,4.3165184238132515,15.60985022943297,79.24352171492754,99.16989036817375,99.21989036817375,0.0,88.06469973965224,187.28459010782598
13,0.12,6.4796210749792165,7.503721573567397,14.103342648546613,14.153342648546614,137.44538857484693,8.185578344444455,159.784309567838,159.834309567838,4.627857793269953,56.278112732979224,220.74028009408718
14,0.045,9.262212628347958,5.161133174085327,14.468345802433285,14.518345802433286,142.42225310679729,31.77920328392733,188.7198021931579,188.76980219315791,0.0,48.12014227871255,236.88994447187048
15,0.03,0.0,14.914300925211744,14.944300925211744,14.994300925211745,173.72550126794616,45.25770851074295,233.97751070390086,234.02751070390087,0.0,7.5476647069196785,241.57517541082055
16,0.015,0.0,11.874817770293685,11.889817770293686,11.939817770293686,87.23007259788007,52.42884085521981,151.59873122339354,151.64873122339355,1.9692756640268954,88.96444151745587,242.58244840487632
17,0.06,14.593004948803932,0.843441044030572,15.496445992834504,15.546445992834505,218.43106471106637,21.756533642384934,255.7340443462858,255.7840443462858,0.0,38.292312316247425,294.0763566625332
18,0.075,15.421445992834505,0.18333506634707594,15.67978105918158,15.729781059181581,240.0042632871042,21.707611767452303,277.4416561137381,277.4916561137381,0.0,55.817413624087344,333.30906973782544
19,0.16500000000000004,13.187962694909348,6.439763492607926,19.792726187517275,19.842726187517275,295.6357557996955,4.797923472539684,320.2764054597525,320.3264054597525,0.0,26.57467434871126,346.90107980846375
20,0.15000000000000002,14.620289195305716,3.891187677472365,18.66147687277808,18.711476872778082,258.73017924096,38.0368258734747,315.4784819872128,315.5284819872128,0.0,36.68216795169516,352.210649938908
21,0.06,14.884300925211743,5.382827600432724,20.32712852564447,20.37712852564447,299.899276934108,2.048571131715049,322.32497659146753,322.37497659146754,0.0,32.79310601058263,355.16808260205016
22,0.075,20.25212852564447,1.257378666350975,21.584507191995446,21.634507191995446,331.6125012890917,27.265469061227115,380.5124775423143,380.5624775423143,0.0,0.24778169423933621,380.81025923655363
23,0.12,12.836509785746333,1.8137794095593835,14.770289195305716,14.820289195305717,155.4402258944841,175.5604472372064,345.8209623269962,345.8709623269962,0.0,49.30795900613082,395.17892133312705
24,0.105,20.51840173442485,0.8362802804937098,21.45968201491856,21.50968201491856,324.31128031207766,15.391227657992072,361.2121899849883,361.2621899849883,0.0,34.32038062577212,395.5825706107604
25,0.135,13.968342648546614,9.79856086071594,23.901903509262553,23.951903509262554,358.6768490176635,2.6082049826261886,385.23695750955227,385.2869575095523,9.89196382357477,2.3759382456728106,397.55485957879984
26,0.16500000000000004,18.496476872778082,4.089764804128191,22.751241676906275,22.801241676906276,338.410948308082,21.416562541937772,382.62875252692606,382.6787525269261,0.0,24.681728794077035,407.36048132100314
27,0.09,15.58978105918158,4.943620675243268,20.62340173442485,20.67340173442485,301.6515748570427,30.922031889619625,353.24700848108716,353.2970084810872,0.0,68.45847513729706,421.75548361838423
28,0.18000000000000005,19.612726187517275,3.2095103890182597,23.002236576535534,23.052236576535535,357.4602409657788,89.4270924063714,469.93956994868574,469.98956994868576,0.0,4.563814578300128,474.5533845269859
29,0.135,23.76690350926255,0.33095773637529713,24.23286124563785,24.28286124563785,360.95409626391444,22.771009570130765,408.00796707968306,408.05796707968307,0.0,76.75863478207107,484.8166018617541
30,0.105,21.35468201491856,4.829329176785592,26.28901119170415,26.339011191704152,443.60055875698157,14.740609682177782,484.6801796308635,484.7301796308635,0.0,2.296537301113471,487.026716931977
31,0.12,21.464507191995445,4.650689368473288,26.235196560468733,26.285196560468734,381.72277051921435,86.06834949407654,494.07631657375964,494.12631657375965,0.0,44.48221840218221,538.6085349759419
32,0.19500000000000006,27.425991063462778,2.8906868561832857,30.511677919646065,30.561677919646066,531.2463868245208,15.054459512920648,576.8625242570874,576.9125242570874,0.0,9.45945043057151,586.371974687659
33,0.135,26.15401119170415,0.351535379525979,26.64054657123013,26.69054657123013,457.9896330596334,77.1278851133033,561.8080647441668,561.8580647441668,0.0,51.04312520809772,612.9011899522645
34,0.135,26.10019656046873,2.1995752709259593,28.43477183139469,28.484771831394692,521.2873745557883,57.39513870410159,607.1672850912846,607.2172850912846,0.0,35.931178333780494,643.1484634250651
35,0.19500000000000006,22.556241676906275,5.078873699296223,27.8301153762025,27.8801153762025,510.0004708502672,11.891560160713299,549.772146387183,549.822146387183,0.0,103.59077687530305,653.4129232624861
36,0.19500000000000006,30.316677919646065,0.4185886472545105,30.930266566900574,30.980266566900575,545.8822576901869,48.10128196424071,624.9638062213281,625.0138062213281,0.0,30.549018403587112,655.5628246249152
37,0.21000000000000008,30.720266566900573,2.022806440184494,32.95307300708507,33.003073007085064,593.6935799072303,0.16679917795662,626.8634520922719,626.9134520922719,26.49947117021418,3.71074275995409,657.1236660224401
38,0.18000000000000005,22.822236576535534,4.618754486927245,27.620991063462778,27.67099106346278,466.40532551029685,43.80426965271015,537.8805862264697,537.9305862264697,0.0,123.28658100194056,661.2171672284103
39,0.2250000000000001,27.605115376202498,8.92782395567648,36.75793933187898,36.80793933187898,590.4851683388937,32.34422107535868,659.6373287461313,659.6873287461312,0.0,11.6001949578835,671.2875237040147
40,0.045,14.423345802433285,21.797864625670247,36.266210428103534,36.31621042810353,590.5472416641684,0.4296555785007186,627.2931076707727,627.3431076707726,28.21971695414254,16.269127405015904,671.831952029931
41,0.15000000000000002,26.49054657123013,10.604644112157269,37.2451906833874,37.295190683387396,622.3421380627439,9.421580562222287,669.0589093083536,669.1089093083535,0.0,6.693296809177693,675.8022061175312
42,0.2400000000000001,36.51793933187898,1.1448346273971144,37.90277395927609,37.95277395927609,631.1061353490775,3.8572139987482768,672.9161233071019,672.9661233071018,0.0,19.38815677057634,692.3542800776781
43,0.16500000000000004,28.269771831394692,2.50463274548016,30.939404576874853,30.989404576874854,576.1778805144097,19.52936782303075,626.6966529143153,626.7466529143153,16.401810510749783,64.2721085466425,707.4205719717075
44,0.16500000000000004,32.702409644417656,6.292059092954645,39.1594687373723,39.2094687373723,633.7066545697296,52.96713362263355,725.8832569297355,725.9332569297354,0.0,21.694121027877287,747.6273779576127
45,0.075,36.19121042810353,3.300088253098626,39.566298681202156,39.61629868120215,686.2669582485333,15.705970045849789,741.5892269755852,741.6392269755852,0.0,9.358697809915451,750.9979247855007
46,0.18000000000000005,30.759404576874854,9.416749368980641,40.356153945855496,40.40615394585549,701.1830730297297,59.12900770638658,800.7182346819718,800.7682346819718,0.0,15.29164604407431,816.0598807260461
47,0.15000000000000002,24.08286124563785,8.634548398779803,32.867409644417656,32.91740964441765,592.0463965769105,149.00007477384466,773.9638809951729,774.0138809951728,0.0,59.23234289873037,833.2462238939032
48,0.075,39.49129868120215,1.538719904414709,41.10501858561686,41.15501858561686,826.5385970807738,13.55903984262201,881.2526555090127,881.3026555090127,0.0,20.454744697645282,901.757400206658
49,0.21000000000000008,32.743073007085066,7.767556652935134,40.7206296600202,40.7706296600202,733.1932513351527,137.74423655680457,911.7081175519775,911.7581175519774,0.0,0.15786839514373147,911.9159859471212
50,0.18000000000000005,40.176153945855496,0.4332750987110442,40.78942904456654,40.839429044566536,759.8788056374053,66.97538098441879,867.6936156663907,867.7436156663906,0.0,66.32727629960354,934.0708919659942
51,0.21000000000000008,40.57942904456654,0.8132322651898527,41.60266130975639,41.65266130975639,856.4707422388914,28.85754045854942,926.9809440071972,927.0309440071971,0.0,10.106414504084047,937.1373585112811
52,0.16500000000000004,38.9944687373723,3.7153316687787292,42.87480040615103,42.92480040615103,884.0561436010462,6.795183640802465,933.7761276479997,933.8261276479997,0.0,22.869556827678164,956.6956844756778
53,0.2550000000000001,42.41098002785894,0.9249748542215654,43.5909548820805,43.6409548820805,892.7873314486475,5.594995285771059,942.023281616499,942.073281616499,0.0,16.906148995860995,958.97943061236
54,0.21000000000000008,40.5106296600202,0.53457522556978,41.25520488558998,41.30520488558998,839.9474506234227,16.870748039635018,898.1234035486477,898.1734035486477,0.0,81.23282821647298,979.4062317651207
55,0.30000000000000016,43.290954882080506,0.27691308360435507,43.86786796568486,43.917867965684856,909.7358416710134,5.383270592702475,959.0369802294008,959.0869802294008,0.0,66.32516106366673,1025.4121412930674
56,0.2400000000000001,37.66277395927609,4.7632060685828534,42.66598002785894,42.71598002785894,868.9921375241186,24.72016877875043,936.4282863307279,936.4782863307279,0.0,101.34703132999479,1037.8253176607227
57,0.075,41.03001858561686,3.5043572002244017,44.60937578584126,44.659375785841256,982.062044978568,44.43373118523845,1071.1551519496477,1071.2051519496476,0.0,19.69359736547637,1090.898749315124
58,0.19500000000000006,43.54022743677062,1.148328848550988,44.88355628532161,44.93355628532161,1026.221595664326,50.17321520583948,1121.328367155487,1121.378367155487,0.0,30.300027570997766,1151.6783947264848
59,0.19500000000000006,37.0501906833874,8.273024489254531,45.51821517264193,45.56821517264193,1075.7601519828452,27.21387610752039,1148.5422432630075,1148.5922432630075,3.0861514634773357,5.412384382411607,1157.0907791088964
60,0.2250000000000001,41.37766130975639,1.9430820603425467,43.54574337009894,43.59574337009894,890.1803842779008,19.877581988698537,953.6537096366983,953.7037096366982,2.9919748389795586,229.11575486749572,1185.8114393431736
61,0.2400000000000001,41.01520488558998,2.858626966152365,44.11383185174235,44.163831851742344,914.8731483776585,67.6844405350085,1026.7214207644092,1026.7714207644092,0.0,164.2503746650995,1191.0217954295088
62,0.18000000000000005,42.69480040615103,0.8604270306195918,43.73522743677062,43.78522743677062,898.2380541797285,205.40193046121144,1147.4252120777105,1147.4752120777105,0.0,50.79650108111856,1198.271713158829
63,0.27000000000000013,44.61355628532161,2.9523151473583176,47.83587143267992,47.88587143267992,1137.4678432963544,1.6199677845017144,1186.973682513536,1187.023682513536,0.0,11.806066855224055,1198.82974936876
64,0.105,46.77402339696298,1.228090361444041,48.107113758407024,48.15711375840702,1138.816568755129,12.93928886717772,1199.9129713807138,1199.9629713807137,0.0,13.850282275550066,1213.813253656264
65,0.3300000000000002,43.53786796568486,3.1725185562624585,47.04038652194732,47.090386521947316,1101.4518567410603,85.79953979375988,1234.3417830567676,1234.3917830567675,0.0,30.86546042886823,1265.2572434856356
66,0.30000000000000016,47.535871432679926,1.3247582776902989,49.16062971037022,49.21062971037022,1185.900709357602,45.21935186246465,1280.3306909304367,1280.3806909304367,0.0,0.7543136807699166,1281.1350046112066
67,0.09,44.519375785841255,2.2696476111217265,46.87902339696298,46.929023396962975,1100.4961886807475,37.92850265132404,1185.3537147290344,1185.4037147290344,0.0,102.19217222233763,1287.595886951372
68,0.3300000000000002,46.71038652194732,1.1482810923817486,48.18866761432907,48.23866761432907,1151.6743037663848,35.198367687258475,1235.1113390679723,1235.1613390679722,0.0,68.8178927233034,1303.9792317912757
69,0.135,49.03403760028359,3.1495246763351403,52.31856227661873,52.368562276618725,1227.962128653818,29.630476480472005,1309.9611674109087,1310.0111674109087,0.0,4.057974039367355,1314.069141450276
70,0.31500000000000017,48.845629710370225,2.934096785903124,52.09472649627335,52.14472649627335,1220.1152216382468,41.070006646107494,1313.3299547806278,1313.3799547806277,0.0,59.486053289742266,1372.86600807037
71,0.21000000000000008,53.57223549992298,1.8767790840629406,55.65901458398592,55.70901458398592,1312.0209105622891,19.731474233623494,1387.4613993798985,1387.5113993798984,0.0,10.417309706505732,1397.928709086404
72,0.12,47.98711375840703,1.0619238418765597,49.16903760028359,49.219037600283585,1185.122745456484,37.91816507775244,1272.25994813452,1272.30994813452,0.0,157.22918009566237,1429.5391282301823
73,0.19500000000000006,45.32321517264193,8.26402032728105,53.78223549992298,53.83223549992298,1259.4977192807048,82.65287015063936,1395.9828249312673,1396.0328249312672,1.895884155136855,55.625800262728234,1453.5545093491323
74,0.2400000000000001,43.30574337009894,10.60498760475831,54.15073097485725,54.200730974857244,1262.1102528067481,51.41894136466958,1367.729925146275,1367.779925146275,0.0,99.87357921127644,1467.6535043575514
75,0.2250000000000001,55.43401458398592,0.5021400409112096,56.16115462489713,56.21115462489713,1339.7716703063702,0.13110787773153826,1396.113932808999,1396.1639328089989,33.375195421183435,41.462404037143315,1471.0015322673257
76,0.3600000000000002,47.82866761432907,5.400647299170137,53.58931491349921,53.639314913499206,1256.3218524974095,6.3498163706964545,1316.3109837816053,1316.3609837816052,0.0,160.05671615217867,1476.417699933784
77,0.2400000000000001,55.92115462489713,3.510915161357244,59.67206978625437,59.722069786254366,1336.3918630227445,3.848434800363317,1399.9623676093622,1400.0123676093622,53.54214173977016,26.188853340420714,1479.7433626895531
78,0.3450000000000002,51.749726496273354,8.81688816587909,60.911614662152445,60.96161466215244,1360.9345731097012,32.12406164345898,1454.0202494153127,1454.0702494153127,22.347450518471305,15.54537167540498,1491.963071609189
79,0.39000000000000024,60.521614662152444,1.9648754035082714,62.87649006566072,62.926490065660715,1396.1841155565244,21.70132271537041,1480.8119283375554,1480.8619283375554,11.101143271633646,34.16354859740037,1526.1266202065895
80,0.2550000000000001,59.417069786254366,0.6820972580752117,60.35416704432958,60.404167044329576,1339.5582005650326,26.256346608218255,1426.2187142175806,1426.2687142175805,44.73281804974522,57.97490447251904,1528.9764367398448
81,0.135,52.18356227661873,3.654380866650562,55.97294314326929,56.02294314326929,1331.4384562366292,34.43478839195518,1421.8961877718536,1421.9461877718536,45.707316585697754,100.37866959180735,1568.0321739493588
82,0.27000000000000013,60.084167044329575,1.2873269701103323,61.64149401443991,61.691494014439904,1364.5272202031406,32.891891404604685,1459.1106056221852,1459.1606056221851,20.582757067367993,92.23867175071638,1571.9820344402694
83,0.2550000000000001,53.895730974857244,8.607405566972421,62.758136541829664,62.80813654182966,1391.212112873483,35.80929041247489,1489.8295398277876,1489.8795398277875,36.24708037880191,69.53954354750766,1595.6661637540972
84,0.3600000000000002,53.22931491349921,10.688076662597991,64.2773915760972,64.3273915760972,1425.5021482516904,20.949784030381593,1510.7793238581692,1510.8293238581691,57.2028500911897,31.29463635472091,1599.3268103040798
85,0.2400000000000001,43.873831851742345,24.162664077569822,68.27649592931216,68.32649592931216,1442.452827928857,2.5143015551017127,1513.2936254132708,1513.3436254132707,58.638409026998715,37.088193822632476,1609.070228262902
86,0.15000000000000002,55.82294314326929,12.842519916024184,68.81546305929348,68.86546305929348,1444.4281623539773,17.1010805034037,1530.3947059166744,1530.4447059166744,65.2214578374228,28.8251097285346,1624.4912734826319
87,0.39000000000000024,62.48649006566072,4.907318237072226,67.78380830273295,67.83380830273295,1437.4688729075144,43.47015548330448,1548.7728366935519,1548.8228366935518,50.503973610527964,44.461574073801756,1643.7883843778816
88,0.39000000000000024,67.39380830273295,1.1818855323892452,68.9656938351222,69.01569383512219,1461.3790120815522,33.74568302703078,1564.1403889437051,1564.190388943705,44.87983931919689,34.76716829630267,1643.8373965592048
89,0.27000000000000013,62.48813654182966,1.1259088827991657,63.88404542462882,63.93404542462882,1416.8778829129267,24.490752872691843,1505.3026812102473,1505.3526812102473,23.623755529597474,120.86734535057855,1649.8437820904232
90,0.2250000000000001,68.59046305929348,0.46429488629623544,69.27975794558972,69.32975794558972,1500.9175914496304,41.29920733626152,1611.5465567314816,1611.5965567314815,32.19182764640004,36.12019819650236,1679.908582574384
91,0.27000000000000013,68.00649592931217,0.8149743057678726,69.09147023508004,69.14147023508004,1479.6313664584718,67.98999146832456,1616.7628281618763,1616.8128281618763,27.024568397328494,41.30102532262666,1685.1384218818314
92,0.28500000000000014,63.59904542462883,5.248412911719474,69.13245833634831,69.1824583363483,1494.957930607357,6.10696045151485,1570.2473493952202,1570.2973493952202,54.19392408741169,63.27374026015954,1687.7650137427913
93,0.40500000000000025,68.5606938351222,3.903820492037036,72.86951432715924,72.91951432715923,1555.3016201696826,10.646961246939965,1638.8680957437819,1638.9180957437818,46.220326138049586,12.014156406041876,1697.1525782878732
94,0.28500000000000014,69.33068172295647,2.1818282802242974,71.79751000318076,71.84751000318076,1550.0325646834983,23.20070131349556,1645.0807760001746,1645.1307760001746,42.63423774261673,12.438299164729845,1700.2033129075212
95,0.3300000000000002,61.31149401443991,11.77520407217633,73.41669808661624,73.46669808661623,1571.6140779135585,67.02377122084323,1712.104547221018,1712.154547221018,0.0,12.04454079379043,1724.1990880148085
96,0.31500000000000017,69.3282535416937,3.3360528725095993,72.9793064142033,73.02930641420329,1565.8387893295785,41.800889765811064,1680.6689855095929,1680.7189855095928,16.4335927782804,33.10687348118726,1730.2594517690604
97,0.28500000000000014,68.84745833634831,0.48322338660815944,69.61568172295647,69.66568172295646,1541.8808750085252,16.67457776536029,1628.2211344968418,1628.2711344968418,51.6374480775421,59.51992461492254,1739.4285071893064
98,0.28500000000000014,68.80647023508004,0.5517833066136565,69.6432535416937,69.6932535416937,1547.0695746201827,5.117246524802786,1621.880074686679,1621.930074686679,27.913707403744183,96.17531948783123,1746.0191015782545
99,0.3750000000000002,63.9023915760972,10.819280462971513,75.09667203906872,75.14667203906872,1636.9578751819492,59.57265292943351,1771.6772001504514,1771.7272001504514,0.0,19.14192874863112,1790.8691288990824
100,0.3300000000000002,73.08669808661624,1.6853163732735537,75.10201445988979,75.15201445988978,1696.5251856905616,11.95086720426386,1783.6280673547153,1783.6780673547153,0.0,7.692141290245464,1791.3702086449607
101,0.3450000000000002,72.6343064142033,4.74137791159584,77.72068432579914,77.77068432579914,1705.8573830289163,23.98491928738048,1807.6129866420958,1807.6629866420958,0.0,3.5540670521009057,1811.2170536941967
102,0.4650000000000003,77.26660226448907,0.23034115554060014,77.96194342002967,78.01194342002967,1732.12188733912,11.798218732128227,1821.9320494912777,1821.9820494912776,0.0,9.618791388863777,1831.6008408801415
103,0.2250000000000001,69.05475794558973,8.659802587773505,77.93956053336323,77.98956053336323,1729.6234261087327,2.520844117053593,1810.1338307591495,1810.1838307591495,0.0,32.294692672223945,1842.4785234313733
104,0.4350000000000003,72.43451432715923,4.862087937329828,77.73160226448907,77.78160226448907,1723.9866226971137,32.13837851649017,1833.906603478093,1833.956603478093,0.0,40.24700679251791,1874.2036102706109
105,0.4650000000000003,77.49694342002967,1.000398031141247,78.96234145117091,79.01234145117091,1743.844543234441,39.20412719260659,1862.0610118782186,1862.1110118782185,12.092598392392347,8.374028336954364,1882.5776386075652
106,0.3600000000000002,77.36068432579914,0.2716190170471201,77.99230334284626,78.04230334284625,1743.8897461484314,0.9248351943342598,1822.856884685612,1822.9068846856119,0.0,70.06309755595495,1892.9699822415669
107,0.30000000000000016,71.49751000318076,2.0391044452853464,73.83661444846611,73.8866144484661,1606.7823710611267,121.09923945201001,1801.7682249616028,1801.8182249616027,0.0,108.6144493372655,1910.4326742988683
108,0.40500000000000025,80.33374012780537,1.6761130640140218,82.41485319181939,82.46485319181939,1779.5961586863991,8.74467820940425,1870.8056900876227,1870.8556900876226,11.721948519942543,42.5528694460481,1925.1305080536133
109,0.2550000000000001,77.68456053336324,5.782245506251692,83.72180603961493,83.77180603961493,1787.0338840480078,28.92953026651127,1899.735220354134,1899.785220354134,0.0,38.832178538050925,1938.617398892185
110,0.3750000000000002,74.72167203906872,5.642068088736655,80.73874012780537,80.78874012780537,1753.1178633502877,6.41790916480937,1840.3245126429024,1840.3745126429023,2.104010788470987,100.79244211943552,1943.2709655508088
111,0.4350000000000003,88.26027471370904,0.4306759848186601,89.1259506985277,89.1759506985277,1850.9128238513206,1.5137287736884495,1941.6025033235367,1941.6525033235366,0.0,5.044262043767256,1946.696765367304
112,0.42000000000000026,81.99485319181939,3.507856632639,85.9227098244584,85.97270982445839,1813.7625105296756,63.377185647062674,1963.1124060011966,1963.1624060011966,0.0,2.2220965372207298,1965.3845025384173
113,0.42000000000000026,85.50270982445839,2.772564889250648,88.69527471370904,88.74527471370904,1842.373872802018,8.969627034121116,1940.0887745498483,1940.1387745498482,0.0,31.42574153619597,1971.5645160860443
114,0.4800000000000003,88.70068723943167,3.173050475913201,92.35373771534488,92.40373771534487,1872.7203997363654,7.4176749962298905,1972.5418124479402,1972.5918124479401,0.0,3.898821077672692,1976.4906335256128
115,0.3750000000000002,77.61730334284626,3.8725887438722104,81.86489208671847,81.91489208671847,1758.4096205561839,90.79463487282472,1931.119147515727,1931.169147515727,0.0,58.042006156352755,1989.2111536720797
116,0.4650000000000003,78.49734145117091,14.435537484213562,93.39787893538447,93.44787893538447,1879.0939335125556,0.3234956237396864,1972.8653080716797,1972.9153080716796,3.5753254539331465,17.689053695947823,1994.1796872215607
117,0.4500000000000003,88.6759506985277,0.05473654090397886,89.18068723943168,89.23068723943167,1852.371816084105,7.195245739695296,1948.797749063232,1948.847749063232,0.0,64.99630996511449,2013.8440590283465
118,0.39000000000000024,74.71201445988979,14.124192130780287,89.22620659067007,89.27620659067007,1859.521542472562,16.326388388478204,1965.1241374517103,1965.1741374517103,0.2103650867070428,50.47148593949174,2015.855988477909
119,0.49500000000000033,91.85873771534487,1.5848639789923002,93.93860169433718,93.98860169433718,1878.8767063773425,35.95026263665267,2008.8155707083324,2008.8655707083324,4.978488320014094,15.034890962360361,2028.8789499907068
120,0.2550000000000001,83.46680603961494,11.60855455146165,95.33036059107658,95.38036059107658,1898.7493091694898,24.881580574544472,2019.0112503351108,2019.0612503351108,0.0,19.76294674300668,2038.8241970781175
121,0.30000000000000016,73.53661444846611,16.13191297059432,89.96852741906044,90.01852741906043,1873.0938785821363,25.065091927254052,1988.1774979284507,1988.2274979284507,0.983655743629015,54.20035635767708,2043.4115100297568
122,0.31500000000000017,89.65352741906044,5.7395410327170175,95.70806845177745,95.75806845177745,1913.057502256555,13.25041118490246,2022.065981893235,2022.115981893235,6.762968097471912,32.29000635351914,2061.168956344226
123,0.5550000000000004,93.4075019882717,2.1705294385745595,96.13303142684626,96.18303142684626,1925.8829504663886,44.52162597180479,2066.5876078650394,2066.6376078650396,0.0,13.08820697737692,2079.7258148424166
124,0.5100000000000003,93.42860169433717,2.882797706200631,96.8213994005378,96.8713994005378,1953.8709322685283,35.27361979811003,2086.0159514671764,2086.0659514671765,0.0,18.547210655195,2104.6131621223717
125,0.4350000000000003,88.79120659067007,6.483950628532612,95.71015721920269,95.76015721920268,1923.2510931159081,31.731081333955075,2050.742331669066,2050.7923316690662,0.0,56.18269363623652,2106.9750253053026
126,0.4500000000000003,96.63597260558737,0.48741438481298927,97.57338699040037,97.62338699040036,1993.7462289016048,27.609501090116492,2118.9791169821215,2119.0291169821216,0.0,15.752628225089504,2134.7817452072113
127,0.27000000000000013,95.06036059107659,1.7643103691106055,97.09467096018719,97.14467096018718,1988.8712805069893,5.353664424828582,2091.369615892005,2091.4196158920054,0.0,52.80689216299892,2144.226508055004
128,0.6000000000000004,95.53303142684626,1.8607355197967212,97.99376694664299,98.04376694664299,2020.9353500354785,25.323571917561615,2144.302688899683,2144.352688899683,0.0,26.352266528697637,2170.704955428381
129,0.5400000000000004,92.85787893538446,0.5646230528872438,93.96250198827171,94.01250198827171,1894.164995940179,5.952171832115711,1994.1296697605665,1994.1796697605664,1.7460994286011555e-05,184.42691575019057,2178.6066029717513
130,0.4500000000000003,95.26015721920268,1.3758153863846856,97.08597260558737,97.13597260558737,1969.4516352594521,91.78137401682015,2158.36898188186,2158.41898188186,0.0,39.37272219298797,2197.791704074848
131,0.6150000000000004,97.378766946643,1.9851451926337316,99.97891213927673,100.02891213927673,2044.273776760406,38.13017064523328,2182.432859544916,2182.482859544916,0.0,24.91205862045228,2207.3949181653684
132,0.5100000000000003,96.3113994005378,3.585527366492725,100.40692676703053,100.45692676703052,2057.9120551148294,38.65703535076053,2197.0260172326207,2197.076017232621,0.0,29.63480235856813,2226.710819591189
133,0.31500000000000017,95.39306845177745,7.440638426955431,103.14870687873288,103.19870687873288,2106.5998756954946,26.63803436979731,2236.4366169440245,2236.4866169440247,0.0,9.952310391338813,2246.4389273353636
134,0.3750000000000002,81.48989208671847,19.452245712607052,101.31713779932552,101.36713779932552,2081.0657217455905,48.19930865652043,2230.6321682014363,2230.6821682014365,0.0,68.23215819242793,2298.9143263938645
135,0.6300000000000004,99.34891213927673,3.4551784781545565,103.4340906174313,103.48409061743129,2132.952526326593,42.488132509195125,2278.9247494532196,2278.97474945322,0.0,25.484555382400327,2304.45930483562
136,0.27000000000000013,96.82467096018719,6.884212949505965,103.97888390969315,104.02888390969315,2174.8958655435263,0.6089076866772313,2279.5336571398966,2279.583657139897,0.0,29.183838809779957,2308.7674959496767
137,0.30000000000000016,103.67888390969316,0.4260692149836226,104.40495312467678,104.45495312467678,2175.07870401522,36.7765808180622,2316.310237957959,2316.3602379579593,0.0,40.807423100482104,2357.1676610584414
138,0.5250000000000004,99.88192676703052,2.7835278710685607,103.19045463809908,103.24045463809908,2127.3917135633374,81.72519939285284,2312.3573675942894,2312.4073675942896,0.0,54.767335354974875,2367.1747029492644
139,0.4800000000000003,97.09338699040036,7.242327450848461,104.81571444124883,104.86571444124883,2207.4916531530407,16.9560703080567,2329.3134379023463,2329.3634379023465,0.0,45.810483959020864,2375.1739218613675
140,0.40500000000000025,101.13059496811823,3.8829694117006124,105.41856437981885,105.46856437981884,2223.8448735225275,11.24023454074435,2340.553672443091,2340.603672443091,34.57024941827649,39.286086497750006,2414.4600083591176
141,0.42000000000000026,104.99856437981884,0.9891385860783759,106.40770296589722,106.45770296589721,2234.0959694771936,11.712290952061895,2352.2659633951525,2352.3159633951527,62.144044963964916,4.1011038184897295,2418.5611121776074
142,0.40500000000000025,100.91213779932552,0.2184571687927088,101.53559496811823,101.58559496811823,2095.4404222645026,12.772565341606839,2209.7985825742276,2209.8485825742277,0.0,217.73732437413216,2427.58590694836
143,0.30000000000000016,104.10495312467678,0.5731324900063344,104.97808561468312,105.02808561468312,2211.282152343276,13.301424644244431,2329.6116626022035,2329.6616626022037,27.50599845623765,100.48358524824441,2457.6512463066856
144,0.4650000000000003,106.91919850793333,0.46893044010866386,107.853128948042,107.903128948042,2280.4088150774664,22.985322813246558,2411.297266838755,2411.3472668387553,46.303979467930276,17.29865413301835,2474.949900439704
145,0.31500000000000017,104.66308561468313,0.5879071506118748,105.56599276529501,105.615992765295,2223.9956698369087,6.2173314278845195,2335.8289940300883,2335.8789940300885,31.295708919175922,166.06125814568728,2533.2359610949516
146,0.49500000000000033,104.32071444124882,0.8480394676942185,105.66375390894305,105.71375390894305,2230.1152401211452,33.54377752692703,2369.3727715570153,2369.4227715570155,49.13834062059186,145.57037313340655,2564.131485311014
147,0.4350000000000003,106.29339154204688,0.6558069658864636,107.38419850793333,107.43419850793333,2261.938573049082,18.939172468492995,2388.3119440255086,2388.361944025509,39.223962922851115,173.16846657610196,2600.7543735244617
148,0.49500000000000033,105.16875390894305,2.6482514190177997,108.31200532796085,108.36200532796084,2302.935261510794,22.930615777039147,2434.227882615794,2434.277882615794,166.47649090866753,2.9311218751688317,2603.6854953996303
149,0.5100000000000003,107.343128948042,0.6109819450421782,108.46411089308417,108.51411089308417,2307.2306450580004,8.128924555929359,2423.873680507014,2423.923680507014,109.3122805879375,70.84009961093194,2604.0760607058837
150,0.5700000000000004,108.30342015610236,1.0212974408795947,109.89471759698196,109.94471759698196,2324.283165018812,19.069686676350493,2453.297569292144,2453.3475692921443,150.33792610748606,64.7516467779048,2668.437142177535
151,0.4350000000000003,105.97270296589721,0.3206885761496605,106.72839154204688,106.77839154204688,2245.4875718531057,63.478792555932316,2415.7447559510847,2415.794755951085,59.155144488619044,200.55657655850592,2675.50647699821
152,0.3450000000000002,108.97511275300032,1.733655693688463,111.05376844668878,111.10376844668878,2379.777123590125,24.47203957648705,2515.352931613301,2515.402931613301,160.103545384909,2.520657270387566,2678.0271342685974
153,0.5250000000000004,102.66545463809908,5.682965518003295,108.87342015610237,108.92342015610237,2314.9502603509113,8.903065822764422,2432.7767463297782,2432.8267463297784,131.30473898123546,121.21352318550468,2685.3450084965184
154,0.3300000000000002,105.23599276529501,3.7541199877053044,109.32011275300032,109.37011275300031,2323.406633576778,51.91399454222311,2484.6907408720012,2484.7407408720014,119.3353198338823,94.42748663347616,2698.50354733936
155,0.6450000000000005,109.95859850574384,2.2607945941504353,112.86439309989427,112.91439309989427,2443.694886063017,0.048331808065581586,2556.6576109709767,2556.707610970977,128.63739752554147,29.798715412958636,2715.143723909477
156,0.6300000000000004,102.8040906174313,6.6277080897375455,110.06179870716885,110.11179870716884,2343.185770584975,37.583322744669644,2490.8808920368137,2490.930892036814,177.50625014072102,59.569327135700675,2728.006469313236
157,0.3450000000000002,110.70876844668878,0.943073335871282,111.99684178256007,112.04684178256007,2403.306089830741,41.25634754961047,2556.609279162911,2556.6592791629114,121.36785510568598,65.1636717390086,2743.190806007606
158,0.31500000000000017,102.83370687873288,11.761436550964806,114.91014342969768,114.96014342969768,2441.697467541279,67.5128788053268,2624.1704897763034,2624.2204897763036,118.9703162313026,6.872399665415936,2750.063205673022
159,0.5700000000000004,109.32471759698196,5.268659330866169,115.16337692784812,115.21337692784812,2485.2326237293328,23.817690493341082,2624.263691150522,2624.313691150522,125.7495145224998,4.490120443985481,2754.5533261170076
160,0.6750000000000005,112.18939309989427,2.116751207246506,114.98114430714078,115.03114430714078,2460.1104580309348,24.161527353855963,2599.3031296919316,2599.353129691932,115.79059421754528,42.95585938057464,2758.0995832900517
161,0.3750000000000002,111.62184178256007,3.374355400180869,115.37119718274094,115.42119718274094,2508.7492925935626,27.807426936352375,2651.9779167126558,2652.027916712656,102.52540940435165,5.459871263461565,2760.013197380469
162,0.6750000000000005,114.30614430714078,2.044097206626712,117.0252415137675,117.0752415137675,2534.902675198888,2.072017189824211,2654.04993390248,2654.09993390248,103.99964938757148,2.2112585514505194,2760.310841841502
163,0.5250000000000004,107.93911089308416,6.667176221605392,115.13128711468956,115.18128711468955,2484.121842577242,1.1428709652491513,2600.446000657181,2600.496000657181,127.51046865605485,42.99938898889985,2771.0058583021355
164,0.6300000000000004,109.43179870716885,0.5417997985749817,110.60359850574383,110.65359850574383,2374.0371423662573,90.45086146607441,2575.1416023380757,2575.191602338076,123.31194500128413,93.87588562582341,2792.3794329651832
165,0.3600000000000002,117.41007346910233,0.6663263448570161,118.43639981395934,118.48639981395934,2545.123641054348,0.7618906351480468,2664.3719315034555,2664.4219315034557,95.88891033804657,34.28604856201902,2794.5968904035212
166,0.3450000000000002,114.56514342969768,1.5943972884554047,116.5045407181531,116.55454071815309,2507.709150432369,39.34634971778527,2663.6100408683074,2663.6600408683075,96.3531565121616,46.107169239591585,2806.120366620061
167,0.5700000000000004,114.59337692784811,6.249760716530127,121.41313764437824,121.46313764437824,2543.7852969199344,8.424081809854224,2673.6725163741667,2673.722516374167,120.87437402935439,12.139735890243992,2806.7366262937653
168,0.39000000000000024,114.98119718274094,5.18344353166123,120.55464071440217,120.60464071440217,2543.7672907890533,0.87650306085703,2665.2484345643124,2665.2984345643126,105.70742373782286,52.552499434378085,2823.5583577365137
169,0.5250000000000004,114.60628711468955,7.897777083938168,123.02906419862772,123.07906419862772,2571.1552437947767,0.9419508504697773,2695.176258843874,2695.2262588438743,111.51036744989096,37.78091505990534,2844.517541353671
170,0.3750000000000002,118.06139981395934,3.1865528548497983,121.62295266880913,121.67295266880913,2546.310938701054,26.25041662354101,2694.2343079934044,2694.2843079934046,111.83605862665627,71.28898808507462,2877.4093547051357
171,0.40500000000000025,120.14964071440217,3.2406122595756877,123.79525297397785,123.84525297397785,2582.4098229876913,0.6202219267990757,2706.875297888468,2706.9252978884683,137.5922434652025,64.78958862394326,2909.3071299776143
172,0.3600000000000002,116.1445407181531,1.2655327509492353,117.77007346910233,117.82007346910233,2536.229860433378,13.93395746738282,2667.983891369863,2668.0338913698633,124.3455415953199,167.24057157044348,2959.620004535627
173,0.42000000000000026,123.37525297397785,3.5298430957625317,127.32509606974038,127.37509606974038,2594.5588541591314,20.287502507448284,2742.2214527363203,2742.2714527363205,217.34855179930628,3.9378885996303623,2963.557893135257
174,0.5400000000000004,107.77200532796084,18.35715857803996,126.6691639060008,126.7191639060008,2580.1561339824675,30.624833457116086,2737.5001313455846,2737.5501313455848,171.75699863202954,74.6409339051507,2983.948063882765
175,0.5550000000000004,123.02062922686603,5.401082907652112,128.97671213451815,129.02671213451816,2613.194740601802,16.718004882890845,2758.939457619211,2758.9894576192114,204.5684355160456,28.019707711542637,2991.5776008467997
176,0.42000000000000026,121.64928691535955,8.762405938860772,130.83169285422034,130.88169285422035,2628.0577647649907,17.46672097765166,2776.4061785968624,2776.4561785968626,215.12142224993704,2.6981066808434275,2994.275707527643
177,0.40500000000000025,121.21795266880913,0.44633424655042003,122.06928691535956,122.11928691535955,2551.553229458807,48.261433854705366,2721.9339502288717,2721.983950228872,155.4254044762638,151.65639850618916,3029.065753211325
178,0.4500000000000003,130.38169285422035,2.315056991749151,133.1467498459695,133.19674984596952,2644.8597426727965,12.351216710438692,2790.4077092292046,2790.4577092292047,238.6080439821203,26.241228887246027,3055.306982098571
179,0.5850000000000004,120.82813764437824,6.985701928330631,128.39883957270888,128.4488395727089,2609.0512917728756,27.222949874542543,2764.723081220127,2764.773081220127,219.17498266263783,72.97711956117246,3056.9251834439374
180,0.5250000000000004,122.50406419862772,0.5465650282383181,123.57562922686604,123.62562922686604,2571.5506296170083,11.078817117795033,2706.2550759616693,2706.3050759616694,117.25328177484425,235.65165481240834,3059.210012548922
181,0.4500000000000003,132.69674984596952,3.052155537817305,136.19890538378684,136.24890538378685,2654.158803845418,27.788151564400394,2818.195860793605,2818.245860793605,238.67932265033232,8.476540424382177,3065.4017238683196
182,0.5850000000000004,128.39171213451814,7.833900604877591,136.81061273939574,136.86061273939575,2661.8584609360537,40.97834123481387,2839.6974149102634,2839.7474149102636,225.65430895805594,13.914711077267572,3079.316434945587
183,0.5400000000000004,126.1291639060008,5.389582573140872,132.05874647914166,132.10874647914167,2632.614334740985,33.99599245532288,2798.7190736754496,2798.76907367545,256.5379084231213,38.11996865467255,3093.4269507532435
184,0.6000000000000004,127.79883957270889,4.598779845021133,132.99761941773002,133.04761941773003,2643.3585591791325,1.6503139219033678,2778.056492518766,2778.106492518766,216.16921500887702,100.91168363449603,3095.187391162139
185,0.6900000000000005,116.3352415137675,25.89720222314338,142.92244373691088,142.9724437369109,2696.7249711733525,33.0899319578466,2872.78734686811,2872.83734686811,206.47908807747672,35.091779840833006,3114.40821478642
186,0.6450000000000005,138.49706916399802,4.593114654818822,143.73518381881684,143.78518381881685,2783.5398703399987,27.249544130049262,2954.5745982888648,2954.624598288865,159.78361649755516,16.9475599272908,3131.355774713711
187,0.5850000000000004,131.47374647914165,11.170205989637836,143.22895246877948,143.2789524687795,2729.5083943993304,13.12997090405384,2885.9173177721636,2885.967317772164,207.45963298107972,41.17717779993148,3134.604128553175
188,0.6450000000000005,143.09018381881683,0.4763978153348144,144.21158163415163,144.26158163415164,2817.0825225019676,1.2029507805948223,2962.547054916714,2962.597054916714,172.00707363646097,3.7895388499957736,3138.3936674031706
189,0.6450000000000005,143.56658163415162,0.8876559625480893,145.0992375966997,145.14923759669972,2817.3978173200144,12.512031615534797,2975.059086532249,2975.109086532249,163.28458087092167,8.607419208037433,3147.001086611208
190,0.6000000000000004,142.6289524687795,0.40477295514520373,143.6337254239247,143.6837254239247,2742.2335923482387,91.17494742727723,2977.0922651994406,2977.1422651994408,169.85882141176717,9.521394328055964,3156.522480939264
191,0.6000000000000004,132.39761941773003,6.144449746268016,139.14206916399803,139.19206916399804,2692.869558185396,95.2634268094214,2927.3250541588154,2927.3750541588156,167.8123370033236,65.656880984724,3160.844272146863
192,0.6150000000000004,136.7552253904996,6.5585149090933115,143.9287402995929,143.9787402995929,2810.5958579892717,6.769505847254722,2961.3441041361193,2961.3941041361195,169.96167057759158,61.503130114651164,3192.858904828362
193,0.4800000000000003,126.84509606974038,24.327022644986698,151.65211871472707,151.70211871472708,2866.5269415818516,8.657904036321748,3026.8869643329003,3026.9369643329005,165.9219404954615,19.762579197363195,3212.6214840257253
194,0.6150000000000004,136.19561273939573,0.559612651103861,137.3702253904996,137.4202253904996,2680.7756354031053,13.865766555789008,2832.061627349394,2832.111627349394,227.0983851995279,172.09248642488646,3231.3024989738083
195,0.6900000000000005,142.23244373691088,9.103030604821265,152.02547434173215,152.07547434173216,2874.811489991168,4.421478093274429,3031.3084424261747,3031.358442426175,181.26304159955043,20.126359536397075,3232.7478435621224
196,0.4500000000000003,135.74890538378685,10.62693916833334,146.8258445521202,146.8758445521202,2828.1832419801285,43.169973764330045,3018.2290602965786,3018.279060296579,142.5652118502844,82.91135243813935,3243.7556245850024
197,0.7050000000000005,151.32047434173214,3.7828127224138814,155.80828706414601,155.85828706414603,2901.215248326678,3.5273747451313664,3060.6009101359555,3060.6509101359557,172.09693342616674,12.91326437261841,3245.661107934741
198,0.7050000000000005,151.56679754662952,4.806224483556466,157.078022030186,157.128022030186,2907.625336885012,10.046873307424091,3074.800232222622,3074.8502322226223,170.81087571211856,41.68611443053415,3287.347222365275
199,0.6750000000000005,149.94655090856025,1.6502466380692606,152.27179754662953,152.32179754662954,2878.986644879545,25.765092964649916,3057.0735353908244,3057.1235353908246,174.17896358298367,106.13311028294466,3337.4356092567527
200,0.6750000000000005,144.4242375966997,5.522313311860581,150.62155090856027,150.67155090856028,2848.829926457271,65.25188154936689,3064.753358915198,3064.8033589151983,178.9522656698041,99.28407114579257,3343.039695730795
201,0.4650000000000003,146.3608445521202,3.1202367288267734,149.94608128094697,149.99608128094698,2827.096183918494,22.409212166390553,2999.5014773658313,2999.5514773658315,156.97100357343243,206.49918630998602,3363.0216672492497
202,0.6600000000000005,156.60947419990282,0.839808525191995,158.10928272509483,158.15928272509484,2930.1103395914215,19.219553841925155,3107.4891761584413,3107.5391761584415,255.48249109080825,12.367897944843273,3375.389565194093
203,0.6450000000000005,142.98872542392468,12.23432702383951,155.8680524477642,155.9180524477642,2904.6828576881912,18.45827454272459,3079.05918467868,3079.1091846786803,208.23803768659445,107.062357691457,3394.4095800567316
204,0.7200000000000005,156.358022030186,1.786681286821673,158.86470331700767,158.91470331700768,2950.000904584403,20.327726624778503,3129.2433345261893,3129.2933345261895,265.1162455305421,28.66101797394683,3423.0705980306784
205,0.49500000000000033,149.45108128094697,7.7873311111328425,157.7334123920798,157.7834123920798,2921.2757722866004,78.31220471610531,3157.3713893947856,3157.421389394786,265.6492086358926,6.7285427467564,3429.799140777435
206,0.4800000000000003,151.17211871472708,6.217576127402441,157.86969484212952,157.91969484212953,2922.2951090725537,8.054818401832854,3088.2696223165162,3088.3196223165164,254.72007341427843,87.12669530532483,3430.16639103612
207,0.5100000000000003,157.35969484212953,3.720832772212042,161.59052761434157,161.64052761434158,2967.602806911848,50.62868139221003,3179.8720159183995,3179.9220159183997,250.2443751177202,8.204947773987497,3438.3713388101073
208,0.6300000000000004,143.2987402995929,14.196091795784742,158.12483209537766,158.17483209537767,2949.314344063064,1.4264317429689777,3108.9156079014106,3108.9656079014107,266.4239572926822,87.91219199275207,3463.301757186845
209,0.5100000000000003,157.2234123920798,5.602838587940243,163.33625098002005,163.38625098002007,3010.144255812633,10.770337709222519,3184.300844501876,3184.350844501876,254.02049430823126,54.12281531003407,3492.4941541201415
210,0.6450000000000005,157.47983209537765,3.6212577339128216,161.74608982929047,161.79608982929048,2995.5752995654952,16.15911739786759,3173.5305067926533,3173.5805067926535,256.21863398478126,69.42662413731013,3499.225764914745
211,0.6600000000000005,161.08608982929047,3.6132204512049118,165.35931028049538,165.4093102804954,3027.326941062081,21.38388188351864,3214.1201332260953,3214.1701332260955,285.05563168864956,11.596291311423588,3510.8220562261686
212,0.5100000000000003,161.08052761434158,3.4359490153193546,165.02647662966092,165.07647662966093,3019.2243678722148,19.331736832737313,3203.632581334613,3203.682581334613,288.81157278552837,29.986745874456066,3522.4808999945976
213,0.7050000000000005,155.103287064146,8.772475582183631,164.58076264632965,164.63076264632966,3015.24125327207,12.864235424176702,3192.7362513425765,3192.7862513425766,270.5155058442683,68.80457860148934,3532.1063357883345
214,0.6600000000000005,155.2080524477642,1.4014217521386219,157.26947419990282,157.31947419990283,2917.4807580227193,5.414571692060827,3080.214803914683,3080.2648039146834,257.17080534206934,198.14683945554737,3535.5824487123
215,0.6600000000000005,164.69931028049538,3.2608051477496187,168.62011542824501,168.67011542824503,3076.7058031384518,12.856240866231632,3258.2321594329283,3258.2821594329284,273.82417635540605,16.39108598148165,3548.4974217698164
216,0.5400000000000004,162.79625098002006,4.838123879411469,168.17437485943154,168.22437485943155,3076.530448153158,0.6210955541071354,3245.375918566697,3245.425918566697,277.05498142790066,32.569311844590665,3555.0502118391883
217,0.7200000000000005,157.38928272509483,8.281239553187715,166.39052227828256,166.44052227828257,3047.6796109478128,30.634689786493922,3244.7548230125894,3244.8048230125896,266.01723321357895,48.91986454291543,3559.741920769084
218,0.6900000000000005,167.93011542824502,3.0510363806115253,171.67115180885654,171.72115180885655,3091.2333724706705,8.305717573471465,3271.2602418529987,3271.310241852999,277.1871799168175,11.49683829073152,3559.9942600605477
219,0.7200000000000005,158.14470331700767,13.28716527394549,172.15186859095317,172.20186859095318,3107.376249656011,40.092918548080746,3319.671036795045,3319.721036795045,240.02088397403895,6.249981031999238,3565.9919018010833
220,0.7350000000000005,163.84576264632963,9.701274242427196,174.28203688875683,174.33203688875685,3158.611146548054,7.467407345232855,3340.4105907820435,3340.4605907820437,225.53131101903955,3.6126851482999904,3569.6045869493832
221,0.7200000000000005,171.43186859095317,2.8240277439032346,174.9758963348564,175.0258963348564,3165.384694447187,6.830332016032224,3347.2409227980756,3347.290922798076,222.31366415130742,1.0306479368023036,3570.6352348861856
222,0.5550000000000004,164.4714766296609,0.6168372125621279,165.64331384222305,165.69331384222306,3037.9392674923897,75.94553691235166,3279.5781182469646,3279.6281182469647,275.4220935922235,25.1684245209074,3580.218636360096
223,0.6900000000000005,170.98115180885654,3.305302352894321,174.97645416175087,175.02645416175088,3172.214468636325,10.473631721492152,3357.714554519568,3357.7645545195683,222.45408184052758,15.336391907138278,3595.5550282672343
224,0.7800000000000006,165.61052227828256,2.9532895634733825,169.34381184175595,169.39381184175596,3088.8383475911724,4.722364846598612,3262.954524279527,3263.0045242795272,272.57792443277276,61.81344544252191,3597.3958941548217
225,0.7500000000000006,173.53203688875683,1.477114225655124,175.75915111441196,175.80915111441197,3181.905403405156,23.623263979520694,3381.337818499089,3381.387818499089,216.00807565573268,3.6661724935820823,3601.0620666484037
226,0.5700000000000004,171.09087659352696,3.6864861622312772,175.34736275575824,175.39736275575825,3179.305773354883,20.28290440525835,3374.9860405158997,3375.0360405159,220.5189877513344,8.906979220483445,3604.462007487718
227,0.7650000000000006,175.28790815370542,1.3987050747193428,177.45161322842475,177.50161322842476,3203.836205270664,23.467967567382424,3404.8057860664712,3404.8557860664714,196.20628058193233,7.028903737022304,3608.090970385426
228,0.5700000000000004,165.07331384222306,6.017562751303896,171.66087659352695,171.71087659352696,3099.549365259472,83.44289425764268,3354.7031361106415,3354.7531361106417,215.8820987755439,40.98474280155451,3611.61997768774
229,0.7050000000000005,174.27145416175085,5.853344387060644,180.8297985488115,180.87979854881152,3253.6352520300766,12.43336269124724,3446.9484132701355,3446.9984132701356,164.62156441760453,0.26715161308848534,3611.8871293008287
230,0.7650000000000006,174.99415111441198,0.2937570392934268,176.0529081537054,176.1029081537054,3198.8831323621944,59.52901006298815,3434.515050578888,3434.565050578888,169.8969569088299,8.20211579584833,3612.6641232835664
231,0.7950000000000006,177.58134764414442,3.8195393498316585,182.19588699397607,182.2458869939761,3252.9461826402476,27.098209028740985,3462.2902786629647,3462.340278662965,150.32384462060145,13.724885762176816,3626.389009045743
232,0.7800000000000006,176.67161322842475,0.9247344157196441,178.3763476441444,178.4263476441444,3226.379438422327,30.386283567752276,3435.1920696342236,3435.2420696342238,172.8489007512021,23.0250662211661,3631.116036606592
233,0.7500000000000006,181.82194236015275,2.234119928715313,184.80606228886805,184.85606228886806,3296.5521239567606,17.66702463507997,3499.0752108807087,3499.125210880709,131.99082572588304,4.003942898044091,3635.119979504636
234,0.7800000000000006,168.56381184175595,3.778068543934382,173.12188038569033,173.17188038569034,3146.499156409355,13.272146641765584,3332.9431834368106,3332.993183436811,227.00107662373694,83.95375006954333,3643.948010130091
235,0.7350000000000005,181.5099559666794,2.8751155133269006,185.1200714800063,185.1700714800063,3330.01264542085,1.234535496211763,3516.417252397068,3516.467252397068,127.48075773302298,11.009266555491513,3654.9572766855827
236,0.5400000000000004,167.63437485943155,16.674638714754007,184.84901357418556,184.89901357418557,3314.176197306523,19.566834701331096,3518.64204558204,3518.69204558204,136.26523110354265,1.3808053144228762,3656.3380820000057
237,0.7200000000000005,180.1097985488115,1.4151574178678898,182.2449559666794,182.29495596667942,3264.653457303456,2.7211564804131654,3449.6695697505484,3449.7195697505485,162.1675595502802,48.62671434270776,3660.5138436435363
238,0.7350000000000005,174.2408963348564,7.5960460252963715,182.57194236015275,182.62194236015276,3279.668336302812,19.117907582664298,3481.4081862456287,3481.458186245629,144.93082280011413,54.8825830174121,3681.271592063155
239,0.7500000000000006,184.05606228886805,0.5138033699057494,185.3198656587738,185.36986565877382,3331.047386738294,62.78013526307782,3579.1973876601455,3579.2473876601457,102.02420440300921,4.07477683992715,3685.346368903082
240,0.8100000000000006,172.31188038569033,13.218562892804286,186.3404432784946,186.39044327849462,3369.7338110656797,13.602052304274181,3569.7263066484484,3569.7763066484486,90.7375369950878,58.59011641038412,3719.1039600539207
241,0.5700000000000004,174.77736275575825,10.601973845368239,185.94933660112648,185.9993366011265,3332.6427089809135,37.48220876213454,3556.1242543441745,3556.1742543441746,100.16382765583103,75.18537444288856,3731.5234564428943
242,0.5550000000000004,184.29401357418556,2.001547344571958,186.8505609187575,186.90056091875752,3392.296826741388,7.276872769091425,3586.474260429237,3586.524260429237,98.82210847384476,64.56718684000286,3749.9135557430845
243,0.7500000000000006,185.97806456023812,4.913722373612615,191.64178693385074,191.69178693385075,3405.429082991073,27.928081695386446,3625.04895162031,3625.0989516203103,124.8146041227742,35.22556349112258,3785.139119234207
244,0.7350000000000005,184.38507148000627,1.6079930802318412,186.72806456023812,186.77806456023814,3382.9482420882105,20.32917739317696,3590.0554840416257,3590.105484041626,128.99847601229476,67.92659513454673,3787.0305551884676
245,0.5850000000000004,185.36433660112647,5.107456317046484,191.05679291817296,191.10679291817297,3398.9486911234526,76.95703990355487,3667.0125239451804,3667.0625239451806,118.0765952890265,29.443168776534744,3814.5822880107416
246,0.8100000000000006,181.38588699397607,0.13056721828688397,182.32645421226295,182.37645421226296,3267.2931155382853,65.513147150308,3515.182716900856,3515.2327169008563,119.88726260377962,180.0309666763235,3815.1509461809596
247,0.5550000000000004,186.2955609187575,4.924305425088563,191.77486634384607,191.82486634384608,3433.224085276464,72.89566536447305,3697.944616984783,3697.994616984783,116.58767102595857,16.217557314693288,3830.799845325435
248,0.8550000000000006,185.4854432784946,7.366754499729326,193.70719777822393,193.75719777822394,3507.221283600076,32.574228999790584,3733.5527103780905,3733.6027103780907,97.19713494734424,0.5928340159044295,3831.3926793413393
249,0.6150000000000004,190.44179291817295,0.9985563841757672,192.05534930234873,192.10534930234874,3479.4390956148213,29.434036461130017,3700.9784813783,3701.0284813783,114.12246480265958,17.366731243938847,3832.5176774248985
250,0.7800000000000006,184.5398656587738,4.246203150415087,189.5660688091889,189.6160688091889,3396.858191620048,10.646609495686873,3597.1208699249237,3597.170869924924,134.3525865179704,109.71746864851912,3841.2409250914134
251,0.6300000000000004,193.53540426135612,1.2522850593869261,195.41768932074305,195.46768932074306,3548.9530321062753,5.757333962197313,3750.178055389216,3750.228055389216,91.01286970219735,11.20473280205233,3852.4456578934655
252,0.8250000000000006,181.50145421226296,9.703858789826697,192.03031300208966,192.08031300208967,3474.932210943091,4.531920971989266,3671.54444491717,3671.59444491717,115.43611027129737,81.13343081325746,3868.163986001725
253,0.5850000000000004,191.18986634384606,2.961576112968676,194.73644245681473,194.78644245681474,3542.048860206844,39.21577641324333,3776.051079076902,3776.1010790769024,92.06290692482253,10.477536888354095,3878.641522890079
254,0.8400000000000006,191.74518188917756,4.3007344649257275,196.8859163541033,196.9359163541033,3579.1151627227987,4.868567307198118,3780.9196463841,3780.9696463841,97.67187650597907,1.4808015234979857,3880.122324413577
255,0.8700000000000007,192.83719777822392,3.0702911058209588,196.77748888404489,196.8274888840449,3553.3505665051707,13.833898381040152,3764.011953770256,3764.061953770256,88.38370412320955,34.27830176747022,3886.7239596609356
256,0.8400000000000006,191.19031300208965,0.5548688870879197,192.58518188917756,192.63518188917757,3505.3094350956053,38.890685678875855,3736.8353026636587,3736.885302663659,94.50737667768044,61.842992662374364,3893.2356720037137
257,0.9000000000000007,195.95850383526601,1.4333278178868838,198.2918316531529,198.34183165315292,3630.8983951483056,20.072077987286402,3849.3123047887448,3849.362304788745,43.873367214968766,4.58283746109087,3897.8185094648047
258,0.7500000000000006,190.89178693385074,5.948167512191765,197.5899544460425,197.6399544460425,3596.9139449715526,34.6863273838632,3829.2402268014584,3829.2902268014586,57.433732859477004,14.586741554741284,3901.310701215677
259,0.9150000000000007,197.37683165315292,0.3071865071696809,198.5990181603226,198.6490181603226,3668.8439866424305,17.507276337476114,3885.000281140229,3885.0502811402293,16.260420075447655,1.272720138032168,3902.583421353709
260,0.6750000000000005,194.74268932074304,2.9808940928043564,198.39858341354739,198.4485834135474,3650.863721375197,63.05996068865356,3912.3722654773983,3912.4222654773985,0.0,2.9313539212904787,3915.353619398689
261,0.5850000000000004,194.15144245681472,2.2872194814842635,197.02366193829897,197.07366193829898,3583.845984445801,86.57335841865292,3867.493004802753,3867.5430048027533,30.27550466205139,28.341948096681097,3926.1604575614856
262,0.8850000000000007,195.8924888840449,0.08101495122111754,196.85850383526602,196.90850383526603,3567.10344993499,30.541945647338963,3794.553899417595,3794.603899417595,85.51842499598206,47.77966285868079,3927.901987272258
263,0.7050000000000005,197.69358341354737,0.26012277456997845,198.65870618811735,198.70870618811736,3686.2915749521117,35.281363710418404,3920.2816448506474,3920.3316448506475,0.0,36.62950828053786,3956.9611531311853
264,0.7200000000000005,197.93870618811735,2.421549203496726,201.0802553916141,201.1302553916141,3719.1513894590335,16.0007376398123,3936.28238249046,3936.33238249046,0.0,21.147752458213645,3957.480134948674
265,0.6300000000000004,191.42534930234874,2.110054959007375,194.16540426135612,194.21540426135613,3539.3373061167345,10.86801104892744,3744.420721427018,3744.4707214270184,88.0469559978801,204.57361589474777,4037.0912933196464
266,0.9300000000000007,197.6690181603226,4.539295071851451,203.13831323217406,203.18831323217407,3733.094069258286,9.92989369714444,3946.2122761876044,3946.2622761876046,0.0,111.40238622887442,4057.664662416479
267,0.8550000000000006,196.0309163541033,6.583205780897402,203.4691221350007,203.5191221350007,3782.6014274689833,44.37561096936227,4030.496160573346,4030.5461605733462,27.11850184313289,4.989609953457786,4062.6542723699367
268,0.9450000000000007,202.19331323217406,1.0368038647052285,204.1751170968793,204.2251170968793,3788.115299495025,6.9009561427724435,3999.2413727346766,3999.2913727346768,37.79992058496964,31.85194421589984,4068.9432375355464
269,0.7500000000000006,196.8399544460425,7.127191831256693,204.71714627729918,204.7671462772992,3794.4742264573774,47.96842689726979,4047.209799631946,4047.2597996319464,21.683437903599952,3.541656757186236,4072.4848942927324
270,0.6000000000000004,196.42366193829898,7.979759967223385,205.00342190552237,205.05342190552238,3825.4427386678235,4.954420720779277,4035.450581294125,4035.5005812941254,27.153691075811366,21.161157087813503,4083.8154294577503
271,11.625000000000062,194.6525054650223,0.25426965180521643,206.5317751168276,206.5817751168276,3849.896770526083,7.026103853524054,4063.5046494964345,4063.5546494964346,20.26077996131562,5.429472817687944,4089.244902275438
272,0.7800000000000006,188.7860688091889,9.930970017504071,199.49703882669297,199.54703882669298,3712.825226650705,73.74828412658559,3986.120549603984,3986.170549603984,0.0,127.78353767414782,4113.954087278132
273,0.6150000000000004,204.38842190552236,1.789271104688153,206.7926930102105,206.84269301021052,3856.661956486224,12.872998728434814,4076.3776482248695,4076.4276482248697,12.817254050568408,24.986249256815405,4114.2311515322535
274,0.7650000000000006,203.95214627729916,1.4572241500636256,206.1743704273628,206.2243704273628,3829.2262108667624,55.32683582013177,4090.777417114257,4090.827417114257,23.126670163874678,13.311034737748859,4127.2651220158805
275,9.554999999999984,193.82655110549376,2.8959543595286052,206.27750546502236,206.32750546502237,3840.8822941669237,9.268746010964422,4056.4785456429104,4056.5285456429106,15.956348649821848,77.9713299792548,4150.456224271988
276,0.6600000000000005,206.13269301021052,5.287358242791251,212.08005125300176,212.13005125300177,3878.8949733149097,0.1765935685900066,4091.2016181365016,4091.2516181365017,36.01350387937873,36.12947178282412,4163.394593798705
277,0.7950000000000006,198.70203882669298,3.884512278800745,203.38155110549374,203.43155110549375,3742.7807250821106,46.128140404299884,3992.340416591904,3992.3904165919043,0.0,209.37728941469834,4201.767706006603
278,0.9450000000000007,209.17638119590077,1.399254547268424,211.5206357431692,211.57063574316922,3879.206781371088,50.56825495552209,4141.3456720697795,4141.39567206978,60.372033936822845,2.09565824668753,4203.8633642532905
279,0.6750000000000005,211.40505125300174,2.5765709005082575,214.65662215351,214.70662215351,3876.4949959829914,4.000781825451961,4095.2023999619532,4095.2523999619534,55.20382431003418,54.89313835069577,4205.349362622684
280,0.9450000000000007,210.57563574316922,5.697160421650854,217.21779616482007,217.26779616482008,3920.0511089607476,22.36318985861568,4159.682094984183,4159.732094984183,45.61726763850038,2.232568952375818,4207.58193157506
281,0.7950000000000006,205.3793704273628,12.98306842449741,219.1574388518602,219.20743885186022,3940.4746561323227,9.687197244284384,4169.369292228467,4169.419292228467,38.16263934659219,27.399475966246506,4234.981407541306
282,12.840000000000108,193.69177511682747,8.408880532782629,214.94065564961022,214.99065564961023,3880.211744312343,42.11650516361407,4137.318905125568,4137.368905125568,26.025688673136756,74.34228213715505,4237.73687593586
283,0.9900000000000008,216.22779616482006,4.927708181156352,222.1455043459764,222.19550434597642,3947.1737878824906,40.054867321643755,4209.424159550111,4209.474159550111,28.262716385748718,12.34128062914245,4250.078156565002
284,0.7350000000000005,200.34525539161407,17.723229864766438,218.8034852563805,218.8534852563805,3927.706404252107,53.42554724706781,4199.985436755555,4200.035436755556,34.94597078575043,26.07499584224869,4261.056403383554
285,0.9000000000000007,216.42037424041666,8.856640802328146,226.1770150427448,226.22701504274482,3983.197144507366,15.158338197753116,4224.582497747864,4224.632497747864,25.445658817137883,76.956326623507,4327.0344831885095
286,0.7800000000000006,221.83949192126826,3.5713181587992144,226.19081008006748,226.2408100800675,3998.3416876677966,4.564182300806019,4229.1466800486705,4229.196680048671,31.85972333488371,108.22691074755468,4369.283314131109
287,0.9450000000000007,203.2301170968793,5.946264099021475,210.12138119590077,210.17138119590078,3866.206267028969,14.647376343042092,4091.0250245679117,4091.075024567912,23.156126964341638,256.68115639732997,4370.912307929583
288,0.9000000000000007,202.5691221350007,13.85125210541597,217.32037424041667,217.37037424041668,3923.9752978293627,5.214217438708471,4146.559889508488,4146.609889508488,57.25347474480259,186.13120439579234,4389.994568649083
289,0.7650000000000006,218.0384852563805,3.8160066648877584,222.61949192126826,222.66949192126827,3977.315944834287,49.65256324709622,4249.638000002652,4249.688000002652,77.34648318585732,89.86250331051161,4416.896986499021
290,0.8250000000000006,218.33243885186022,7.782761447812835,226.94020029967305,226.99020029967306,4002.1564797489973,37.6239306199367,4266.770610668607,4266.8206106686075,102.46270346250185,80.67086292893806,4449.954177060047
291,1.0050000000000008,221.1405043459764,6.492682144613783,228.6381864905902,228.6881864905902,4093.941934410261,7.591198941554343,4330.221319842406,4330.271319842406,86.62566665661507,38.24742820158152,4455.144414700603
292,14.790000000000182,213.63345085984162,1.8760478695270115,230.29949872936882,230.34949872936883,4099.871821113037,1.463527288362321,4331.6848471307685,4331.734847130769,118.2193299292785,10.001976726454284,4459.956153786501
293,12.975000000000113,201.9656556496101,13.482795210231572,228.4234508598418,228.47345085984182,4074.451786911259,19.704883129750428,4322.630120900852,4322.680120900852,67.31444774823103,73.65100614938581,4463.645574798468
294,0.9450000000000007,225.23201504274482,1.3734528717528272,227.55046791449766,227.60046791449767,4039.1701427541097,77.26164528382594,4344.032255952434,4344.082255952434,111.06215874816917,11.992990708221896,4467.137405408825
295,0.6900000000000005,213.96662215351,12.651048323020557,227.30767047653057,227.3576704765306,4022.2803295261215,53.28723776844902,4302.925237771101,4302.975237771101,67.93707015848213,108.01746627012226,4478.929774199705
296,0.6900000000000005,226.61767047653058,5.085789411706982,232.39345988823757,232.44345988823758,4153.102379976577,16.39469619764383,4401.940536062459,4401.990536062459,76.93923813724632,17.409709980691982,4496.339484180397
297,22.785000000000483,208.96281752572432,0.5217221707151298,232.26953969643992,232.31953969643993,4122.016400194446,31.20989997392853,4385.545839864814,4385.5958398648145,81.54156554401015,35.38976143176867,4502.527166840593
298,0.8250000000000006,226.11520029967306,4.046443194456368,230.98664349412942,231.03664349412944,4100.648203636639,73.23469706559798,4404.919544196367,4404.969544196367,91.36993998403068,10.395486078364906,4506.734970258763
299,18.690000000000328,211.60949872936848,1.4483187963559883,231.7478175257248,231.7978175257248,4112.234438426709,1.506574810900865,4345.538830763335,4345.588830763335,114.36732302316614,48.11799782491676,4508.074151611418
300,1.0050000000000008,227.6331864905902,3.4164142069841406,232.05460069757433,232.10460069757434,4113.434230065761,8.797109127550625,4354.335939890886,4354.385939890886,109.25963490758204,67.48913142208218,4531.1347062205505
301,0.7050000000000005,231.68845988823756,0.9425147306489479,233.3359746188865,233.3859746188865,4171.81137902006,78.7913769893194,4483.988730628265,4484.0387306282655,24.035420983152108,24.376707985923396,4532.450859597341
302,27.870000000000676,204.39953969643923,0.5914868991644793,232.8610265956044,232.9110265956044,4172.008517600762,0.2778094425794655,4405.197353638946,4405.247353638946,97.2798132016469,48.92546889194463,4551.452635732538
303,1.6799999999999964,225.87046791449765,6.179565227923454,233.7300331424211,233.7800331424211,4203.958559484603,56.132578770931865,4493.871171397956,4493.921171397956,37.21353482259474,45.56451484726499,4576.699221067815
304,0.7950000000000006,225.3958100800675,6.580068067606951,232.77087814767444,232.82087814767445,4169.1196579147845,35.79805656456532,4437.738592627024,4437.788592627025,68.94637763173796,74.96128461732351,4581.696254876086
305,1.0500000000000005,233.24060900858905,0.3810001328895018,234.67160914147854,234.72160914147855,4259.149562256477,26.319663347059663,4520.190834745015,4520.2408347450155,31.21180098752211,37.03314528333561,4588.485781015873
306,37.92000000000105,198.4570548222698,0.8862875605665834,237.26334238283744,237.31334238283745,4299.578630710093,36.13607673446371,4573.028049827394,4573.078049827394,15.407731188478465,11.344685678668185,4599.830466694541
307,4.305000000000004,229.42503314242109,3.371133385391319,237.1011665278124,237.15116652781242,4283.039668217203,23.456821646567754,4543.647656391583,4543.697656391583,37.99859848450251,27.590284126829257,4609.286539002915
308,36.78000000000101,196.08102659560336,3.516028226666516,236.37705482227088,236.4270548222709,4278.30243058948,22.162487681180437,4536.891973092931,4536.941973092931,39.757247974884194,49.43455492509566,4626.133775992911
309,0.7650000000000006,236.80243108654162,1.782239598580579,239.3496706851222,239.3996706851222,4333.628379142272,28.723924308282317,4601.751974135676,4601.801974135677,24.331801857234495,36.176665075165175,4662.310441068076
310,0.7350000000000005,232.60097461888648,4.2314564676551125,237.5674310865416,237.61743108654161,4306.030225305041,49.5683083550354,4593.215964746619,4593.265964746619,6.564501947922508,63.859242096893034,4663.689708791435
311,0.7950000000000006,231.97587814767445,9.635590128341251,242.4064682760157,242.4564682760157,4351.869441827806,50.63402105941977,4644.959931163242,4645.009931163242,18.679777628192824,16.310854354121254,4680.000563145556
312,1.3799999999999983,239.23237098534113,2.5182250985751238,243.13059608391626,243.18059608391627,4358.57137805176,31.976323382782375,4633.728297518459,4633.778297518459,28.532143549617103,30.32594956713353,4692.63639063521
313,13.380000000000129,229.75059608391612,0.3676533320605912,243.49824941597683,243.54824941597684,4401.411681747265,27.943617460004162,4672.903548623246,4672.953548623246,19.682842011963658,12.30942593555373,4704.945816570764
314,1.0050000000000008,231.04960069757433,2.2360083110147304,234.29060900858906,234.34060900858907,4249.648121619676,30.740754783485492,4514.729485411751,4514.779485411751,17.67137418559014,182.27137072086342,4714.722230318204
315,11.910000000000073,222.76160914147846,17.073874010882136,251.74548315236066,251.79548315236067,4425.956185572662,12.858577531706345,4690.61024625673,4690.66024625673,24.061984061474504,8.853276115396142,4723.575506433601
316,43.62000000000127,199.54049049558563,2.82625056019306,245.98674105577996,246.03674105577997,4415.793483939881,15.921443729361792,4677.751668725023,4677.801668725023,27.144147845740918,43.35346704157313,4748.299283612337
317,0.8250000000000006,230.16164349412944,9.625727491211704,240.61237098534113,240.66237098534114,4352.553593761278,1.1099453572036466,4594.325910103822,4594.375910103822,14.910628899092444,142.66286277430456,4751.9494017772195
318,43.89000000000128,202.0967410557787,4.0766372884084126,250.06337834418838,250.1133783441884,4422.790170279058,63.73278873496421,4736.636337358211,4736.686337358211,11.612946254125745,3.954154605606095,4752.253438217943
319,42.690000000001234,194.5733423828362,5.897148112749468,243.16049049558688,243.2104904955869,4390.517807022872,28.101927477202825,4661.830224995661,4661.880224995662,18.12033814989445,72.49747075735695,4752.498033902913
320,47.0700000000014,202.99337834418697,4.885530086968522,254.9489084311569,254.9989084311569,4481.637428927053,9.005098241008392,4745.641435599218,4745.6914355992185,6.25796617800097,37.011538017745075,4788.960939794964
321,19.81500000000037,223.68324941597646,10.897223430865022,254.39547284684187,254.44547284684188,4477.63444941712,43.52303318810196,4775.602955452064,4775.652955452064,0.0,22.89764355439166,4798.550599006456
322,0.8100000000000006,241.59646827601568,10.03153355981767,252.43800183583335,252.48800183583336,4438.122244420896,41.469676007231925,4732.079922263962,4732.129922263962,0.0,66.45324722289288,4798.583169486855
323,23.070000000000494,231.32547284684136,1.0475683524722146,255.44304119931408,255.4930411993141,4490.148394399905,27.61127611258917,4773.252711711808,4773.302711711808,0.0,46.05688594989347,4819.359597661702
324,27.645000000000667,227.79804119931342,1.3080790141457375,256.75112021345984,256.80112021345985,4518.801835238604,24.197053537129005,4799.800008989193,4799.850008989193,0.0,28.063518354698928,4827.913527343892
325,0.7650000000000006,238.5846706851222,17.035418388483578,256.3850890736058,256.4350890736058,4516.817622638202,78.94899469930795,4852.201706411116,4852.251706411116,0.0,15.865426746509279,4868.117133157625
326,0.8100000000000006,255.5750890736058,1.6999385682291812,258.085027641835,258.135027641835,4596.288419420579,31.492973402039915,4885.916420464454,4885.966420464454,0.0,33.937478427444326,4919.903898891898
327,6.614999999999955,230.48616652781246,20.50344011452392,257.6046066423363,257.6546066423363,4594.54709976878,2.2217406512982896,4854.423447062414,4854.473447062414,0.0,69.95922964580832,4924.432676708223
328,53.64000000000165,203.56762123561958,3.1900772725570685,260.3976985081783,260.4476985081783,4651.88816963132,2.8965059380222096,4915.232374077521,4915.282374077521,0.0,21.474495907865847,4936.756869985387
